Input,Output1,Output2,...
bc1q6hpx5yyr9h9vx0gsmmczsut7upfcuyl4mmrt9nd0d076vzzqr9zsenclh4,bc1qarlgjqvrlkxpjrc24zp4l25cz2h4d69vd3a5zwpd04uhkx3dk4hs680w5m,bc1q0wu0tqp2u3rtunjl0h0rsl9pvf86acy6sep63st0lp7lgg67ykzqeq89pn
bc1qe8jl6vpn7mv8gt8lrw3cv9uqhv257caddajhgr,bc1q45qg2wp3a8ntv9df6gsy3zg962n63jmhz8czdh,bc1pexm3h2v3qzfqzpn985pg5tdsugm8x5cn9k4ppqfckyffzgnlv2tsefztfk
bc1p375dyljlge8tmz4fe35t8w9rqvnjm3cxhqwdw7892z3vtgzrnehsezd8q2,bc1pza8cvskrml8pkwqsywzpupa029h34pspwkxeqv5wj8lzre20kees8htadx
bc1pualfzthx7yh29klakv5lqaz6tx5x8efr7k00mraek60efa7lexfsl7dzwk,bc1pltnzayvgphce7uwyqhnnzwmavyqyydv8vqnpdx3mttnpzaaeazgq4qkkj8
bc1pm4dfv0r4lf9r2pxtz96mkz3u7y5y0qt0gy0m2g3yf947u4e8vz3qvljzxw,bc1pxnak4lgvql49hqx45dpj7v0pk4vx73d86l0xc68aahwgw2wtg0rqw3knun
bc1pha254hcra3pash5agdq0k0z80m9sjw4qxfv745hpy38tmdccdhmqu2klle,bc1pq30zk6gtspxd9zqgta87eyn3xepgu4q2gv7fxfz79f32lauae9wqt06vvf
bc1pacqacudq3clzqhnurm2fqce6lare54cfuccuxp6uvzzhv8xjwtpsey9r57,bc1pwshm6mxupnthcylccyxd0esxw073d8msfjwd0scvdavh9hzzje9qgut8ck
bc1prvrxylwy4t3eaw3qkkw6jhs9ef7lz2v0vx3ru9a7ff8kvptufqfs2tyvev,bc1pn4gxcexzdtxevu0c0qekpuahulltvm8z6f8rwcc6gdz3mqyets4q9vcxms
bc1qskcvr8an59mrkuvksxhmg5t552ypjxyeaexs20,bc1qpd0enmd075xn6jd9kqaara7vgnxtl8kf069ax8
bc1p4xxay8s94p4w8pc0q8rrx6t49v8j233eucs6c0pcvx67fxn97aaq052lmw,bc1phcyvq278kjjmdu0697d9cs8u59f4gxz8rkqjm82y2crmzkl38htq9dp5ww
bc1pmyqf0r94flvt85zzqucwz7n2qnscchra6av48hfmlpv3mw3pnshsfk8vq5,bc1pgeffh42u0aewe3rp55m2wp36nzna3650dj82hl93ukyssq64ffhq0euj3n
bc1p7pmcak5jcuvmmamexnuwy0rhn233rzupjgmc4pu6wp5me3sxm2ysztul3w,bc1pm8tfm5nlxm765ys5h8csecg9facxpa50rg0vwf9mhmwmfcjnq6ps7lamml
bc1p4md2wlpe4hm6ezfe9xcuj0kjvlex49sdwg0647023j2z0q85kkvqfs02tw,bc1ps03n7dkhr5pxtleakvswg9pl7zdpsqqww58dl4lzqefuw9dluxaq7pcg73
bc1pg6rtk3m5p22hvhv9vf2apgxz29jcnfuwsu46gvvg302g6j6wfkxqj9dk8k,bc1p8f3cmunp7u95n5l8y77wakrhfw6heq9dztxc5nv7t90za794eggq9hw63t
bc1p7lzrq2gx2kl9f349epcjgl2f4thj6kcgf7r7uulj37l7nk0pej6sa60sf0,bc1p57ntzk8v5wu4xagq4prfaz02agjpanmwr9n6trdv6hvsyfguk8eqrv7pma
bc1pmkg9dc7q9r3jnk7p4vhxwlfg56vxywkhxe0zxlcntcsfj9qxr84qqt6rfr,bc1pgntrzr8sl7cthjcnv8wzuvx9657pr6q4kqrcrtejdmm52tcrdc0q8u5syc
bc1pj32jh73my355uhe42gxtt800dwfpuasquvvwdkjskfmzfp0lcv6ssvx354,bc1plt33f3fz0w38rxjph908c27d4k3lue5fc4z66cyh8ze5l9nx2geqxp8a2g
bc1pqdugw46rs8kvk8avsuamukz6tghauwycqwj25zhe6rnr7avdcycs04zej7,bc1pvfvw7z580mmjcyq4zrc99vmcthmep33ssfvw6ntqnp0fdz057pzqkm08uq
bc1pn7qxtxfn767r3xguwaux6dnts4mzv3yfxeemx2hs52cdjwaqy9uqfxq62c,bc1pp9k4yp8qr9070vs0zpcekszlrplu9djs5wfm5vjrm9tgv8472efqhag6tm
bc1pccxffg8uv8eafkw30r7y5faga0ewps93uxerlvcftjvjhvn6vx7splrk62,bc1pdjsghvs6pmca3w0pkxtunagh6mms6zp0dc0s9ykrkhgq60tnwqhswg4yhy
bc1pagvxz22rzekszlxad55dwpwn97tn8s0ru6jhhsy0ekkwunh0hg2qqj9s0w,bc1p9w6cjqdgzp68g5ahvu3vdge2zy5p4svfxg758792vhav9unu0meskh27cg
bc1pyhzjckck5mf083qd454694enefelguxfrvuma8s0ss454nlmlg6szek23w,bc1p50krezr565xfn3zsswgp5pfj67zrg3qk3p0723qmxw2j4639dp8q0hrp4a
bc1pfy7jkff03c53944fpzdkze6hmx03euht79tnpdvgaezccnxgcfhq3y057e,bc1paj9c8sg5h8wj3hdt7v9800tm4tf86tfn7u95085narmyg4ntvcvqgucvps
bc1plm8g4xpfkeu8umpk8tl3tw96w7g8kwh3edlcu7cr5hxvg2rxq2nsheuvqp,bc1pxwftpzuvsftk46cr644evkpm8zf8m455z8paljw4waru9df879nsjthwpv
bc1p3q6h45wwfyauwexvgzlwzf9p7d569a5c5fawk3en75c3jzrnglws6ndz7f,bc1psxwsx843x09w8pkxqsmnw6m2ptwgalmtz3rc82vz57w37h76h9eqaedekc
bc1pv95x8fnnuudzu779ufd4x8ah05h49uwtf5f5yhhqh262vzgw44nq0x972p,bc1p69m7737df5vra9n8c5vqgfxtk6qw30lag9hcxuk2flqs9gp4l98szrkrrx
bc1p2gk8ctyza4pycuw74hxz3c08f2p5nespd03nfurwtz0xhz7c23ns0g0w9a,bc1pjchju0jxmcsvcrldy9wzga609nnsghwk3vh9cm5nfyur2h05yf2sgd3a94
bc1pcrhp0emr2wz0rg9uf04scyxfupn60u5qdgdddjp55l8xgxgz43uqeqf9z4,bc1p42nmlu6p9m7gcl0vkucylqqjcfdwh4z2eljrfgmpjwkgvty2ju4sdveh8z
bc1p7d2gafyvd9vgtyyn0256vrq9zhyczsejvcgjehmqruhtyl6pvszs2wyyya,bc1pfvu9t9y6aevx874fszp7p5hluegfx6s2hw2wl0nydylprw5vsn8q59kr37
bc1pmvvd5j2stuyextdqzk8ertgheun5f0l9hw3g5tmdtyrlfpx9km2sa73h94,bc1pmvyu3uqlrdnkegpzcq8amz0lprnc4mjuct3ea8ahxs43duwha0fquchdld
bc1peyjgta33g8d39rfftrh58tyx484fmnhe50kyygns8spuv8hdwuhqheqgep,bc1pp7vqlw2hjqzt56we7j42uuwdl5qdmf4l6lu7cj67tva42frqmn9sw93mf0
bc1pkrg9wnvyffwmnp2gafgmjhxsx3l9ev2tnrfjpfmkgz9wshhjxd7sjf2ujs,bc1pzcw9pk24ydh3c6776tuuya4gpkdlf9kw58phgwmf4qpm8yrp2y0q5qerzs
bc1pus3uz5awrwrxyg6np59d3dfr7t5m9ptfm4g8t7qumqh3uer7t3hskdhm88,bc1p2n2f8lkfk7xutlrhy5eeddw83a7xq0s7qmaa5c4u6q43yl2e2l0swmgkj4
bc1pagk70pzpp2tuwnq8pc7jrkf47r02ze2t5cmsfp5vc2tvgpp8tj8qkl9ufw,bc1pju8ptlrzm86ns06kpgnc0tqp735tc6ka3clvv0c9t4je9lrr8vfqgn33na
bc1pmw5djf7d6hvwppxxyk6j5wq8yvck9543z3zxjz8kshs32fj0032s0dqwva,bc1pm2fhevsgdvt3pl60xvcu38k2x2flql9mq5ag84k5hsdhp778ex6qszeff7
bc1plkkltxr85vhd655d7q7r4mt59caj64exf9lz7mmta7skpegy3vcqz8dl7s,bc1pw8sus7cays4q5ykcexy8ccvvanq0f5e9ljh894jq6p0wml2kl0dq3gejjt
bc1pskt8qyantpjk87r7486cyc4q8674fxnejjp2e9wrvl772rqufm2qck8u9p,bc1pqs36kq4wkalhjy9meah2vf9rrj6quswvn90r6ah6k2qczxkkp56qw4g7wa
bc1pa0c882lygq89a39egcxpqnvn099c6utn24k0gesz9muc9cqgh7jsmvjgwc,bc1pwkdhlsjrhayka4pvrl6achtf0jwlvmrkx3vmxcq2m9eeqk7ueseqdk29xh
bc1p3rcs607v5csltv65qmkc0ctfq8ldy66cdvfru5h3p67cg82ppy9qkzhglk,bc1pr84cc02ewz88hnd66n4dfwhpdv77xztpjzl54wc70n5ld6datc6qx8w72x
bc1p7x773xl5vqe8dg354mar202036eax5tfdgkv79jl6u3uv0nz9fdsm0w0x3,bc1p7e6cdgta6sgrt0sepj2j00lnlpjx3g9rasx5x0va25ugxnzxnv8qkyr3ds
bc1ph33gv9pch8exc3hd594pr73p8a77q6swkxkwp38h2gjs7rs29xysjnwfsv,bc1pz9tf8yw9wthptuu85jtsqk0c0ssclkdhlq6p2s4evptkf60tsp7scpaf8v
bc1pzx8g33upkdxnwfrv5fn56xnftl80s3fwdmpl54zm9qmuqjtgnggqghttny,bc1pa5ejl5zm4t3yqtdmw3nahyrc8n0z5s70typlrvec57aus6cy2n5s2d59f0
bc1psuu2hl93n578x7jr4hr0ry782mw8qugfgauanvedzpkv7prluk5sf8juem,bc1p3qwr43d87kgzd8rv9t80yy8exk3fk7d2d6an0u4rl39euu600jxq50da93
bc1pawx6z9y7cnpq5h2y49ky0judhsme8ld6h66ff2gy5e8atz9aeg4sydmfdx,bc1pwyhwsjkyjpgyr03p4st0hxzzedlvan4uhkag5890xqqkrlealglsysxw0j
bc1ptxap3frnh4wae49z3grs47nehs99csfk9hr3md4wdqa0zhmvrc8sknj5es,bc1px24ch6hvspk94hfzr9d5scr8qavc3nhk2vmtlrx29l3xnz4gdr9svz3evm
bc1pf8z8u0vcp4lkwmshls5mhc6wygkydnnah3xmwazava4x4ae7zxdqj9tacf,bc1p8zxg5dhgsyaqr8hpjhkw6sfxgmk3gt5gqu3x7j2j9tl5t2cuhc4qe9vjr3
bc1p5xwfzc9jphhgka4ff5ad5a2qjwup63r4fsevx6jqrlc0jx7kc5esec45fu,bc1pka78c9cn53sqgt9m6c5fkn0tsl9hpjzerxxmlhsv3a5y83pm7kmqwn0f50
bc1pwnzg0ldzmxrvkwd7mwgdyfnjkzf3hmxzxedzpj74u7fefq62qqxsevhvss,bc1psx0s4v9kf2un07qzv3qq0t5wfjjqkqxng0yrpyl7p7jgkg5up9zs53cvhv
bc1pm32xz20zd5tq3js4c9jxhqjcmqppu5nuwwthdu9uqaaenjzak8nsjj0dq6,bc1ps86e3cvln38wvcummm3axkh79jy4eqzce5tx37q0ugqpqdenmvdq0nfhsx
bc1pktw3tgar3nd686d5lxeqs3se7ygpchckd3xcg3jzcxl7vqwpalgqu5p434,bc1pr53z9gu3nt9ephqcawks0640vl3ksde4z6l2p29nl5xes999gl8s5hreu8
bc1pew0r7waccdgaq8ar8agh24jxnhev9ztwdcv43v0apnx4nsj7np9qr4uskr,bc1p2mwj2edp590q5gf8nmrm72e480kqh4xtstpzupt3awzclade9z9su3emkh
bc1py6l2m03c4e8hj305qc9gn7txdz8y7h05l6l60rjq9lx7wzdr9sxs7t0epj,bc1p4w3x2mdc6qujan2cnkxnz6a6jc5nq8u6fmz8954cvwpzvtqcsy4qwc78q0
bc1pvpe846a79c0uwz96maj0ym66gy0qmunrw97dd7x6unvr9nrluarsd526ze,bc1ptvw36py7etatykxz8gc7vqsjpfn5tqzltcvzdp20k8w55r99ljdsyhf4nr
bc1p6d9qvk3ml5dyhn2q8d7gqcdah9mu6jpywwcp30nv3kpflcepwqgs0k27we,bc1pywxe8l2h4m6zva6s7jnhus7x0aypkpalmqzy2hwtssmq70xn4cpqxfe5js
bc1p04vsnwj4ucnkm5fl8de6p0033mfqygzr8sh3ak6hwmfutckl6akqf0x003,bc1pec5qcsndcqkv3cs6jute8fr550evdhwcshupdznxzrkyz4czh32sxtyw6f
bc1pk9rwjlr85qgkl4dhtdcquvyzwedyvsy6c2822e6sxd8lmk9v86wqvl4z0u,bc1p8g3queef0z2hqszddtwzl2ek3j8yw4weqcdm050m9407lgukzxvq4caf9j
bc1p6w7hr3u8vsys8lzw2xcmzfvqyesv7ue5dvj3w404wgnkakh4ld4qs5w30j,bc1pz87cm6warn2mtpnyjydmvy9zqyqx8e7dnksw03r9rgcfqapg52rstzd5za
bc1pj7ld3ksyyd5kp64df7xzpm4alafx0m23yt9auk6ehc76mvkn4xrqzpdrdg,bc1pq6yg7p60fdqk8hxe0dz970sl2rvh6z5mg2lhcr36e4nktnczcz8s2ch9vw
bc1pvewf3vnkvzkalhn9km65g9kzpms3n60hxyl44dsx7cvak80gn4dqs93fht,bc1pt0n234e3yv2ffnujg47p7p24jpzx4a48gh0h75w42yvmsnt4sd9sc0hpld
bc1pw3gkzmh8vs0cy9efhk0xz8ndn3z8zpfqpp4lu6tee3422vy69e0s4xufs2,bc1ppqu72e9q009sn3es9m75flcw073w4f23ykmwvkcpj89e6svl90kssx7y6v
bc1pk98ewtuupguhtftvsxcvp2cqr52q0vt9cgnmt7vzcxkuf0lj0acqwpjxd5,bc1panqnfljnv3v8c2nc7r3yylkmryvgdn9e9es56j06kk87jnfpeems2vcuf5
bc1p2cg4taghm37atzngjs5ner8tj74gx8m0055xqn9xevu0u4llchls43drs6,bc1p804jqan6jdcc00w5l6pdrtlv2gm69fzuh6mqffwah6cqpzmhjtgqqs5f09
bc1pkq6v0sp0tu0mqpnz9edsdzqz74a7vy8errzsjyauk24e5vm96d4qgdyqv7,bc1p8g9rrm47kgfe9mf34998clmklcq264z62gsd74893lgts34p3xmsa02km9
bc1p8ndmnt2zju2zcxq7qu455aj226mrg0ukef3qcwg2s0tunp5zr3mqanvumx,bc1p0slcmjx8t6587r4lcvfh456gwj6zfy3drv0d2l0d9mvsd4tf5qqsx2avud
bc1p4e0up22ukrqu9wegzv7w6mv8c7se9qmhu2ck34jwm3fzntus48hqym4nfa,bc1psc645tpty7zp9n4xemr0kqzph3jcxln3q93v5tpl2w9y4qq8ww8s0axlgu
bc1pzpuj3ru6hluvq6jtuuv6ueanxe73yjkafr4s34j23g569flnxnmquh8ch7,bc1p0ztf568mycxc6dlq0xlshefhvvqw3m57n5ymuggm9ldzl9hz9g0q3le8yj
bc1penzu8n4nszl8dujmzmvu3akes23c80euwv2rv48g6sg5qzu3jmvqlw5nc6,bc1pkqejyme3aunj2whm6pvtzgjy8lpckht24y9a2rnjea94lcv5j6qsqgr565
bc1puhehhhu2vnsd9aux8rdnsezsn3qw6kv5drw00e0tp974qhhft5kq4qzevm,bc1pm3en06xr2y39e32fx3aupj3s67ttq5mu3u9e5avl2pslf83ytr5s3x32rn
bc1pz0thwptvfjsz8dftzse2ypkzysakhy96y36nnjnf8mksxj2t64fsfcnrh8,bc1pzkyjx0c8mzgx7y49y0a6p4t0yh4vj26nzs46z0n9974h8wxyvkgqrdde2z
bc1pl2pdh3dggc5x72x8v2kc2e405u7k7fhrs59mc8shzf50ept7ay0sc6ukx9,bc1pnstzanwsrttw0daxczawcmj7jgwhmw4a5wh9ejvkn7mssme2wqrshmmklj
bc1prhmmte6tlpf4qyx62ke5wf365y7nhz64cp4ap74pw676pz29pyns2u0da0,bc1pllvxpr06gkpeln47utqkxxyeqhgujww7fd5s7ametru2qry035uqwth9ax
bc1pa22kgey50e7nsn3sjuhmet33h5k860dwmrv99jxztpsv8dcm5f8qlza5g2,bc1px860kdm7vypg03kwp4sap92p703unpcs3fdl4syjnl02lgszen5squklp2
bc1ppdcpsyncm9jmmrul4fjlzmjugk6kjks93jmfhr0e764v8w46czwsz825ph,bc1pugmlln5jnnh4yjjq6ljs7gkw3u6lgf6cskcckhggqwfe5humcg5qhqqzgh
bc1paxt50mj7zf0x34sl33tr7keyz9wqy6u7tjsshxepnzvs46cx7t8q8yj3ur,bc1pt9p3m3fg653rzvwmz53w05g7nfvprx6kafrhy058thruj2dakpjscq79la
bc1p62j2aadjd86t9kr0xa945ystcwtys3kmm7qnl2huefpajxep2dpsp5fhkf,bc1put4t367h3g6k770kh8sy843hv78syagzxw46mycpzjw5yc4ry9sqwmcthh
bc1p9zah0lk72w0vx8j6unhdadmqfdcnankul2fycuhf8d560nq5sd9s6jurth,bc1pmtuvemgzk28pp9dw0gapuuf60xqdfyv9efahkz7hpkmzvy6zuqmqdazpcz
bc1ptwecf4rhg7gl23dskzusudr427y5aazyrqrgufm4ljwsx659jc4qyhavpv,bc1pkk2fmp3sup85q93ztggfajzzzshxtes2lynt4dtgl66c6r9jwsvsnq69m0
bc1pajvk2w4xfv0q8zjg44j87r7lx2numx6vun797ds7hucuu795s3uqjh8jd4,bc1pg52zphrumnnhpzksxlslzrm2k76zlwre728cjrugcus4kr72j3vqxx9ykh
bc1pa6sxxmxqwkd2wr0uqmvz82e8psvpya2kvn6339vl29v7n324lruqp4qvzh,bc1pagr3uvhkggp3nprqrvhu0n0sr7f679f7xr62dvsc2kz9f2pgzr0sudaxr4
bc1pwgthry90xqsywwf809afds7myt4phwax9g9hjcj6dzqpzkzr79uspw358v,bc1p740cg08dwzh47ckcuxetsvn4htryu65sr59dejhl2ja7etvt2a8s7sjezd
bc1pzca3jdp26ddjca7p6d97ww8hktf078wm8y4r6qywxvgyv40ezjjstf5wkl,bc1pcxsld9whsy3pvm9mn4k4284cndqgmg2j965hmhugjjpz9ndxz05s8l4tjd
bc1pu90fym67k59evadglzha6uhl9tp4hsm90r5yluawqxc02gfl9xsqav3s5x,bc1ppjq488lkcueelah3rxts47gkvrgphw2pfq3ar5wf9r0jakwwjt7sdvhhcl
bc1pj58xc7wj0zxnsp5ar46xgm97lsa8emafa9hsyukkrcsdv4swmksq827krj,bc1p46lvfskgqywvupksu4xg5f3rvuzzlf4fe3c30t4n58asrclrxprqrdtqqn
bc1p99jvtmetxl0jhjt047p5a5c945j5zgdkqz0zlz2d7p0409rpw5sqz59tvy,bc1peglrkjpvly63hp93lacl6d057uj0qkr6jp2pqmfzklukq3y52quq70m90s
bc1pwnp998h88yc362vvggmjeak0tsuqrxq4sxwk2es8kurmxksm05ts40zmje,bc1pfza4cpwuu9xj0muxv8suq8mmzgjvew057j03ec6a6zd8xlzj5xtq6xykag
bc1p8c250mzmxhulpaqk544l96ua5lp7y359u6qmjulzjsswru0efffslgwc4v,bc1psxvaaeracg8287xeg0gry29h6m2wrg5068247d3glwpe2hfaq9cs44desf
bc1pswptr28m8v0ss3g9y4fh8v00wny6qcr9lgxys0e5fxa6szeznm3s78kq5z,bc1pvy82efqh9deku3g4gsl9rsaezc428w3259nzaj8rmml3s40045jqa6gmzw
bc1p6a5qylxw4sr4506gf6jzx6knnqvt3u7d8wqzuzsq4xzmnv28mgfs3m58vg,bc1pfw4l60v70sj6xpgkf3qp77pugq9nmv4yh06s0z66zys7engfm4ys94cflm
bc1pgnq604lazx9alfzlvjzs6vaee45v7ntplzna3k9jzmwr9z9tvrwq07sun2,bc1p25v6m30dejkmtz88jyqwnnzt6ghf8jg4dpf2adgskvn97xw9476qsd0k44
bc1p293gfrhcys64gyj4q0ex8r8u6djgf4xvvgfrk6gvytxy6wcc0ytqamcs9x,bc1p53ycc027w9fc7ju833uk7anjyht9kg7fdfmf9wnk5uepwu7dep9scyz93w
bc1peulmj6qqmq70zr05p6tpujfffljw0a2m8rnfjm2xs3jwgw0ufp5s9k4vky,bc1pvhlzt2jsnyrdc78rd0s2f07r6lj2e2lnnrzaarvutggcfta39u0srnfltz
bc1pd6asqqf6j0nllpu3grvnag95kmtycp8gfzqyzpj2sraam9dell2qhcnxth,bc1pxqug7neyj63dmtlev6wwna702ha5wvd9cj7qasaj4ya2wf9c9vxqpnn3m3
bc1pk3gjwa64ufxm7aa4yghxtddqdp7dcj2zq6rz8dsd2yeeuql8g5eqg2p9dg,bc1pgyls5rjw9jrg5fcp8ymudvkjtqxecygsp3luptp8aw26nqgc6swspn8j3t
bc1pffqpz68cjxddnvfajl3xuk4gu28ywhhf854x5p3225qwkmtd26vqknwtzd,bc1pp8an6s3h5qfjytpqn7uxcqtzmvmzg3fxprzzj0udfk7h54xtfvlqdjvd7a
bc1pwxsu84d8a6me2cu8urxlpnsa5m5enftfu2y00wtlc85dnv2tun9qhaxqd3,bc1pyyex82hhtuz49l3jl0n57w9j03l4xy6euu4culxah6f8gagxn3zsl94lnl
bc1pmjxemfhfg0rhhj3kc68sa5rtflhq4wg7n2xv07v304fnfwny6ruszjpwue,bc1pp7pas9nqlgc2wxtwtk5mstxl4mepkj5nmkt42zatwdeeg5u79txqkgd24h
bc1p3easfgwhcwhdpnstn5dfa2lsj3x33yag9se2v2pcqjn3zvarg9gssgj2t0,bc1p5tsqzfx7k6xv2ej0aq5qpkg2fq45qkfgwd8tlzsyt5qr2cwvnplqhm9gex
bc1pj47cm9nsdv5kptv4sfqr95g8fq3h9x3ey6mn64gelyjk48tvuxeqhzu6fq,bc1p7t0g7hlq87k73zsx5npa38xcmlwhlghm7uwwpjspap74nm6xdttspcmh6p
